OBJECTID,ACCIDENT_NO,ABS_CODE,ACCIDENT_STATUS,ACCIDENT_DATE,ACCIDENT_TIME,ALCOHOLTIME,ACCIDENT_TYPE,DAY_OF_WEEK,DCA_CODE,HIT_RUN_FLAG,LIGHT_CONDITION,POLICE_ATTEND,ROAD_GEOMETRY,SEVERITY,SPEED_ZONE,RUN_OFFROAD,NODE_ID,LONGITUDE,LATITUDE,NODE_TYPE,LGA_NAME,REGION_NAME,VICGRID_X,VICGRID_Y,TOTAL_PERSONS,INJ_OR_FATAL,FATALITY,SERIOUSINJURY,OTHERINJURY,NONINJURED,MALES,FEMALES,BICYCLIST,PASSENGER,DRIVER,PEDESTRIAN,PILLION,MOTORIST,UNKNOWN,PED_CYCLIST_5_12,PED_CYCLIST_13_18,OLD_PEDESTRIAN,OLD_DRIVER,YOUNG_DRIVER,ALCOHOL_RELATED,UNLICENCSED,NO_OF_VEHICLES,HEAVYVEHICLE,PASSENGERVEHICLE,MOTORCYCLE,PUBLICVEHICLE,DEG_URBAN_NAME,DEG_URBAN_ALL,LGA_NAME_ALL,REGION_NAME_ALL,SRNS,SRNS_ALL,RMA,RMA_ALL,DIVIDED,DIVIDED_ALL,STAT_DIV_NAME
3401768,T20130013776,ABS to receive accident,Finished,3/07/2013,08.35.00,No,Collision with vehicle,Wednesday,CROSS TRAFFIC(INTERSECTIONS ONLY),No,Day,Yes,Cross intersection,Other injury accident,50 km/hr,No,45372,144.91921,-37.7469,Intersection,MOONEE VALLEY,METROPOLITAN NORTH WEST REGION,2492880.067,2417112.418,6,1,0,0,1,5,2,4,0,4,2,0,0,0,0,0,0,0,0,0,No,0,2,0,2,0,0,MELB_URBAN,MELB_URBAN,MOONEE VALLEY,METROPOLITAN NORTH WEST REGION,,,Local Road,Local Road,Divided,"Div,Undiv",Metro
3401769,T20130013777,ABS to receive accident,Finished,3/07/2013,08.40.00,No,Collision with vehicle,Wednesday,LEFT TURN SIDESWIPE,No,Day,Yes,Not at intersection,Serious injury accident,60 km/hr,No,261640,144.98163,-37.85293,Non-Intersection,PORT PHILLIP,METROPOLITAN NORTH WEST REGION,2498383.194,2405347.689,2,1,0,1,0,1,0,2,1,0,1,0,0,0,0,0,0,0,0,0,No,0,2,0,1,0,0,MELB_URBAN,MELB_URBAN,PORT PHILLIP,METROPOLITAN NORTH WEST REGION,,,Arterial Other,Arterial Other,Divided,Div,Metro
3401770,T20130013608,ABS to receive accident,Finished,1/07/2013,02.10.00,Yes,Collision with vehicle,Monday,RIGHT FAR (INTERSECTIONS ONLY),No,Dark Street lights on,Yes,Multiple intersection,Serious injury accident,80 km/hr,No,226265,145.2121,-37.92536,Non-Intersection,KNOX,METROPOLITAN SOUTH EAST REGION,2518647.704,2397288.036,6,2,0,1,1,4,2,4,0,4,2,0,0,0,0,0,0,0,0,1,No,0,2,0,2,0,0,MELB_URBAN,MELB_URBAN,KNOX,METROPOLITAN SOUTH EAST REGION,,,Arterial Highway,Arterial Highway,Divided,Div,Metro
3401771,T20130013611,ABS to receive accident,Finished,1/07/2013,06.40.00,No,Struck Pedestrian,Monday,PED PLAYING/LYING/WORKING/STANDING ON CARRIAGEWAY.,No,Dark Street lights on,Yes,T intersection,Other injury accident,50 km/hr,No,261607,144.33957,-38.16099,Intersection,GEELONG,SOUTH WESTERN REGION,2442117.461,2370953.264,3,1,0,0,1,2,2,0,0,0,2,1,0,0,0,0,0,0,0,0,No,0,2,0,2,0,0,LARGE_PROVINCIAL_CITIES,LARGE_PROVINCIAL_CITIES,GEELONG,SOUTH WESTERN REGION,,,Local Road,Local Road,Undivided,Undiv,Country
3401772,T20130013617,ABS to receive accident,Finished,1/07/2013,08.40.00,No,Collision with vehicle,Monday,RIGHT THROUGH,No,Day,Yes,T intersection,Serious injury accident,80 km/hr,No,46901,145.26364,-38.00505,Non-Intersection,CASEY,METROPOLITAN SOUTH EAST REGION,2523154.555,2388431.52,2,1,0,1,0,1,1,1,0,0,2,0,0,0,0,0,0,0,0,0,No,0,2,0,2,0,0,MELB_URBAN,MELB_URBAN,CASEY,METROPOLITAN SOUTH EAST REGION,,,Arterial Highway,Arterial Highway,Divided,Div,Metro
3401773,T20130013620,ABS to receive accident,Finished,1/07/2013,05.30.00,Yes,Collision with a fixed object,Monday,OFF LEFT BEND INTO OBJECT/PARKED VEHICLE,No,Dark No street lights,Yes,Not at intersection,Serious injury accident,100 km/hr,Yes,261464,146.39508,-37.97259,Non-Intersection,BAW BAW,EASTERN REGION,2622573.794,2391168.492,1,1,0,1,0,0,1,0,0,0,1,0,0,0,0,0,0,0,0,1,No,0,1,0,1,0,0,RURAL_VICTORIA,RURAL_VICTORIA,BAW BAW,"EASTERN REGION,EASTERN REGION",C,C,Arterial Other,Arterial Other,Undivided,Undiv,Country
3401774,T20130013621,ABS to receive accident,Finished,1/07/2013,04.45.00,Yes,Struck animal,Monday,STRUCK ANIMAL,No,Dark No street lights,Yes,Not at intersection,Other injury accident,100 km/hr,No,261715,144.18062,-36.80813,Non-Intersection,BENDIGO,NORTHERN REGION,2426894.2,2520974.972,1,1,0,0,1,0,1,0,0,0,0,0,0,1,0,0,0,0,0,0,No,0,1,0,0,1,0,RURAL_VICTORIA,RURAL_VICTORIA,BENDIGO,NORTHERN REGION,,,Local Road,Local Road,Undivided,Undiv,Country
3401775,T20130013622,ABS to receive accident,Finished,1/07/2013,09.14.00,No,Collision with vehicle,Monday,RIGHT NEAR (INTERSECTIONS ONLY),No,Day,Yes,T intersection,Other injury accident,60 km/hr,No,261568,145.14892,-38.10118,Intersection,FRANKSTON,METROPOLITAN SOUTH EAST REGION,2513062.392,2377783.324,2,2,0,0,2,0,2,0,0,0,2,0,0,0,0,0,0,0,0,1,No,0,2,0,2,0,0,MELB_URBAN,MELB_URBAN,FRANKSTON,METROPOLITAN SOUTH EAST REGION,,,Local Road,Local Road,Undivided,Undiv,Metro
3401776,T20130013630,ABS to receive accident,Finished,1/07/2013,06.50.00,Yes,Vehicle overturned (no collision),Sunday,OFF CARRIAGEWAY TO RIGHT,No,Dark No street lights,Yes,Not at intersection,Other injury accident,110 km/hr,Yes,277412,145.1033,-37.08409,Non-Intersection,MITCHELL,NORTHERN REGION,2509183.742,2490664.252,3,3,0,0,3,0,2,1,0,2,1,0,0,0,0,0,0,0,0,0,No,0,1,0,1,0,0,RURAL_VICTORIA,RURAL_VICTORIA,MITCHELL,NORTHERN REGION,M,M,Freeway,Freeway,Divided,Div,Country
3401777,T20130013638,ABS to receive accident,Finished,1/07/2013,10.30.00,No,Collision with a fixed object,Monday,OFF LEFT BEND INTO OBJECT/PARKED VEHICLE,No,Day,Yes,Not at intersection,Serious injury accident,80 km/hr,Yes,261526,147.83109,-37.37856,Non-Intersection,EAST GIPPSLAND,EASTERN REGION,2750675.478,2454265.549,2,2,0,2,0,0,1,1,0,0,0,0,1,1,0,0,0,0,0,0,No,0,1,0,0,1,0,RURAL_VICTORIA,RURAL_VICTORIA,EAST GIPPSLAND,"EASTERN REGION,EASTERN REGION",B,B,Arterial Highway,Arterial Highway,Undivided,Undiv,Country
3401778,T20130013641,ABS to receive accident,Finished,1/07/2013,09.30.00,No,Collision with a fixed object,Monday,LEFT OFF CARRIAGEWAY INTO OBJECT/PARKED VEHICLE,No,Day,Yes,T intersection,Fatal accident,70 km/hr,Yes,49869,144.35382,-38.13782,Intersection,GEELONG,SOUTH WESTERN REGION,2443348.895,2373534.199,2,1,1,0,0,1,2,0,0,1,1,0,0,0,0,0,0,0,0,0,No,0,1,1,0,0,0,LARGE_PROVINCIAL_CITIES,LARGE_PROVINCIAL_CITIES,GEELONG,SOUTH WESTERN REGION,,,Local Road,Local Road,Divided,"Div,Undiv",Country
3401779,T20130013644,ABS to receive accident,Finished,1/07/2013,12.40.00,No,Struck Pedestrian,Monday,VEH STRIKES PED ON FOOTPATH/MEDIAN/TRAFFIC ISLAND.,No,Day,Yes,Cross intersection,Fatal accident,50 km/hr,No,41143,144.99272,-37.91244,Intersection,BAYSIDE,METROPOLITAN SOUTH EAST REGION,2499360.117,2398742.554,4,4,1,3,0,0,1,3,0,0,1,3,0,0,0,0,0,0,1,0,No,0,1,0,1,0,0,MELB_URBAN,MELB_URBAN,BAYSIDE,METROPOLITAN SOUTH EAST REGION,,,Local Road,Local Road,Divided,"Div,Undiv",Metro
3401780,T20130013647,ABS to receive accident,Finished,1/07/2013,16.40.00,No,Vehicle overturned (no collision),Monday,OUT OF CONTROL ON CARRIAGEWAY (ON STRAIGHT),No,Day,Yes,T intersection,Serious injury accident,60 km/hr,No,67133,145.0748,-37.84725,Intersection,BOROONDARA,METROPOLITAN SOUTH EAST REGION,2506583.625,2405975.755,1,1,0,1,0,0,1,0,0,0,0,0,0,1,0,0,0,0,0,0,No,0,1,0,0,1,0,MELB_URBAN,MELB_URBAN,BOROONDARA,METROPOLITAN SOUTH EAST REGION,,,Arterial Other,"Arterial Other,Local Road",Undivided,Undiv,Metro
3401781,T20130013649,ABS to receive accident,Finished,1/07/2013,15.40.00,No,Collision with vehicle,Monday,REAR END(VEHICLES IN SAME LANE),No,Day,Yes,T intersection,Other injury accident,60 km/hr,No,261922,145.10063,-37.941,Intersection,KINGSTON,METROPOLITAN SOUTH EAST REGION,2508845.685,2395567.803,4,2,0,0,2,2,2,2,0,2,2,0,0,0,0,0,0,0,0,0,No,0,2,0,2,0,0,MELB_URBAN,MELB_URBAN,KINGSTON,METROPOLITAN SOUTH EAST REGION,,,Local Road,Local Road,Divided,"Div,Undiv",Metro
3401782,T20130013650,ABS to receive accident,Finished,1/07/2013,16.40.00,No,Collision with vehicle,Monday,RIGHT NEAR (INTERSECTIONS ONLY),No,Day,Yes,T intersection,Other injury accident,60 km/hr,No,39806,145.30008,-37.80088,Intersection,MAROONDAH,METROPOLITAN SOUTH EAST REGION,2526426.509,2411082.718,2,2,0,0,2,0,2,0,0,0,2,0,0,0,0,0,0,0,0,1,No,0,2,0,2,0,0,MELB_URBAN,MELB_URBAN,MAROONDAH,METROPOLITAN SOUTH EAST REGION,,,Arterial Other,"Arterial Other,Local Road",Divided,"Div,Undiv",Metro
3401783,T20130013652,ABS to receive accident,Finished,1/07/2013,17.55.00,No,Collision with vehicle,Monday,CROSS TRAFFIC(INTERSECTIONS ONLY),No,Dark Street lights on,Yes,Cross intersection,Other injury accident,60 km/hr,No,52743,143.83607,-37.52622,Intersection,BALLARAT,WESTERN REGION,2397128.44,2440977.441,2,1,0,0,1,1,1,1,0,0,2,0,0,0,0,0,0,0,0,1,No,0,2,0,2,0,0,LARGE_PROVINCIAL_CITIES,LARGE_PROVINCIAL_CITIES,BALLARAT,WESTERN REGION,,,Local Road,Local Road,Undivided,Undiv,Country
3401784,T20130013654,ABS to receive accident,Finished,1/07/2013,17.45.00,No,Collision with vehicle,Monday,RIGHT NEAR (INTERSECTIONS ONLY),No,Dusk/Dawn,Yes,T intersection,Other injury accident,60 km/hr,No,57278,144.76513,-36.14474,Intersection,CAMPASPE,NORTHERN REGION,2478863.058,2594871.013,2,1,0,0,1,1,1,1,0,0,2,0,0,0,0,0,0,0,0,1,No,0,2,0,2,0,0,SMALL_CITIES,SMALL_CITIES,CAMPASPE,NORTHERN REGION,C,C,Arterial Other,"Arterial Other,Local Road",Undivided,Undiv,Country
3401785,T20130013655,ABS to receive accident,Finished,1/07/2013,16.45.00,No,Collision with vehicle,Monday,CROSS TRAFFIC(INTERSECTIONS ONLY),No,Day,Yes,Cross intersection,Other injury accident,80 km/hr,No,59246,145.38885,-36.44081,Intersection,SHEPPARTON,NORTH EASTERN REGION,2534859.947,2561975.587,4,2,0,0,2,2,1,2,0,2,2,0,0,0,0,0,0,0,0,1,No,0,2,0,2,0,0,RURAL_VICTORIA,RURAL_VICTORIA,SHEPPARTON,NORTH EASTERN REGION,A,"A,C",Arterial Highway,"Arterial Highway,Local Road,Arterial Other",Undivided,Undiv,Country
3401786,T20130013656,ABS to receive accident,Finished,1/07/2013,16.20.00,No,Collision with vehicle,Monday,REAR END(VEHICLES IN SAME LANE),No,Day,Yes,Not at intersection,Serious injury accident,60 km/hr,No,262085,144.88274,-37.83945,Non-Intersection,HOBSONS BAY,METROPOLITAN NORTH WEST REGION,2489678.443,2406837.627,3,1,0,1,0,2,1,2,0,0,3,0,0,0,0,0,0,0,0,0,No,0,3,0,3,0,0,MELB_URBAN,MELB_URBAN,HOBSONS BAY,METROPOLITAN NORTH WEST REGION,,,Arterial Other,Arterial Other,Undivided,Undiv,Metro
3401787,T20130013657,ABS to receive accident,Finished,1/07/2013,17.05.00,No,Collision with a fixed object,Monday,OFF RIGHT BEND INTO OBJECT/PARKED VEHICLE,No,Dusk/Dawn,Yes,Not at intersection,Other injury accident,80 km/hr,Yes,261481,145.21846,-37.59477,Non-Intersection,NILLUMBIK,METROPOLITAN NORTH WEST REGION,2519291.49,2433977.189,2,2,0,0,2,0,1,1,0,1,1,0,0,0,0,0,0,0,0,1,No,0,1,0,1,0,0,RURAL_VICTORIA,RURAL_VICTORIA,NILLUMBIK,METROPOLITAN NORTH WEST REGION,,,Local Road,Local Road,Undivided,Undiv,Metro
3401788,T20130013658,ABS to receive accident,Finished,1/07/2013,19.30.00,Yes,Collision with a fixed object,Monday,LEFT OFF CARRIAGEWAY INTO OBJECT/PARKED VEHICLE,No,Dark Street lights on,Yes,Not at intersection,Other injury accident,50 km/hr,Yes,261530,145.2671,-37.91228,Non-Intersection,KNOX,METROPOLITAN SOUTH EAST REGION,2523487.74,2398727.776,1,1,0,0,1,0,1,0,0,0,1,0,0,0,0,0,0,0,0,1,No,0,1,0,1,0,0,MELB_URBAN,MELB_URBAN,KNOX,METROPOLITAN SOUTH EAST REGION,,,Local Road,Local Road,Undivided,Undiv,Metro
3401789,T20130013659,ABS to receive accident,Finished,1/07/2013,15.57.00,No,Collision with vehicle,Monday,CROSS TRAFFIC(INTERSECTIONS ONLY),No,Day,Yes,Cross intersection,Serious injury accident,80 km/hr,No,58184,142.19593,-34.23915,Intersection,MILDURA,WESTERN REGION,2241455.552,2802584.791,4,4,0,1,3,0,1,3,0,2,2,0,0,0,0,0,0,0,0,0,No,0,2,0,2,0,0,RURAL_VICTORIA,RURAL_VICTORIA,MILDURA,WESTERN REGION,,,Local Road,Local Road,Undivided,Undiv,Country
3401790,T20130013662,ABS to receive accident,Finished,1/07/2013,18.05.00,Yes,Collision with vehicle,Monday,RIGHT THROUGH,No,Dark Street lights on,Yes,Cross intersection,Other injury accident,70 km/hr,No,1323,144.95801,-37.68953,Intersection,HUME,METROPOLITAN NORTH WEST REGION,2496296.445,2423481.543,3,2,0,0,2,1,2,0,0,1,2,0,0,0,0,0,0,0,0,0,No,0,2,0,2,0,0,MELB_URBAN,MELB_URBAN,HUME,METROPOLITAN NORTH WEST REGION,,,Arterial Other,Arterial Other,Divided,"Div,Undiv",Metro
3401791,T20130013668,ABS to receive accident,Finished,1/07/2013,16.16.00,No,Collision with vehicle,Monday,LANE CHANGE LEFT (NOT OVERTAKING),No,Day,Yes,Cross intersection,Other injury accident,60 km/hr,No,871,145.21823,-37.99988,Intersection,DANDENONG,METROPOLITAN SOUTH EAST REGION,2519167.6,2389015.575,3,1,0,0,1,2,1,2,0,0,3,0,0,0,0,0,0,0,0,1,No,0,3,0,3,0,0,MELB_URBAN,MELB_URBAN,DANDENONG,METROPOLITAN SOUTH EAST REGION,,,Arterial Highway,"Arterial Highway,Local Road",Divided,"Div,Undiv",Metro